/* =========================
   1) TABLES WITHOUT FKs
   ========================= */

/* --- CIRCUIT (24 rows) --- */
INSERT INTO CIRCUIT VALUES ('Bahrain International Circuit','Sakhir','Bahrain',5.41);
INSERT INTO CIRCUIT VALUES ('Jeddah Corniche Circuit','Jeddah','Saudi Arabia',6.17);
INSERT INTO CIRCUIT VALUES ('Albert Park Circuit','Melbourne','Australia',5.28);
INSERT INTO CIRCUIT VALUES ('Suzuka Circuit','Suzuka','Japan',5.81);
INSERT INTO CIRCUIT VALUES ('Shanghai International Circuit','Shanghai','China',5.45);
INSERT INTO CIRCUIT VALUES ('Miami International Autodrome','Miami','USA',5.41);
INSERT INTO CIRCUIT VALUES ('Imola Circuit','Imola','Italy',4.91);
INSERT INTO CIRCUIT VALUES ('Monaco Circuit','Monaco','Monaco',3.34);
INSERT INTO CIRCUIT VALUES ('Circuit Gilles Villeneuve','Montreal','Canada',4.36);
INSERT INTO CIRCUIT VALUES ('Circuit de Barcelona-Catalunya','Barcelona','Spain',4.66);
INSERT INTO CIRCUIT VALUES ('Red Bull Ring','Spielberg','Austria',4.32);
INSERT INTO CIRCUIT VALUES ('Silverstone Circuit','Silverstone','UK',5.89);
INSERT INTO CIRCUIT VALUES ('Hungaroring','Budapest','Hungary',4.38);
INSERT INTO CIRCUIT VALUES ('Spa-Francorchamps','Spa','Belgium',7.00);
INSERT INTO CIRCUIT VALUES ('Zandvoort Circuit','Zandvoort','Netherlands',4.25);
INSERT INTO CIRCUIT VALUES ('Monza Circuit','Monza','Italy',5.79);
INSERT INTO CIRCUIT VALUES ('Marina Bay Circuit','Singapore','Singapore',4.94);
INSERT INTO CIRCUIT VALUES ('Suzuka West','Suzuka','Japan',5.00);
INSERT INTO CIRCUIT VALUES ('Losail Circuit','Lusail','Qatar',5.38);
INSERT INTO CIRCUIT VALUES ('COTA','Austin','USA',5.51);
INSERT INTO CIRCUIT VALUES ('Autodromo Hermanos Rodriguez','Mexico City','Mexico',4.30);
INSERT INTO CIRCUIT VALUES ('Interlagos Circuit','Sao Paulo','Brazil',4.31);
INSERT INTO CIRCUIT VALUES ('Las Vegas Street Circuit','Las Vegas','USA',6.12);
INSERT INTO CIRCUIT VALUES ('Yas Marina Circuit','Abu Dhabi','UAE',5.28);

/* --- TEAM (10 rows) --- */
INSERT INTO TEAM VALUES ('T1','McLaren','British');
INSERT INTO TEAM VALUES ('T2','Ferrari','Italian');
INSERT INTO TEAM VALUES ('T3','Aston Martin','British');
INSERT INTO TEAM VALUES ('T4','Red Bull','Austrian');
INSERT INTO TEAM VALUES ('T5','Mercedes','German');
INSERT INTO TEAM VALUES ('T6','Alpine','French');
INSERT INTO TEAM VALUES ('T7','Williams','British');
INSERT INTO TEAM VALUES ('T8','Audi','German');
INSERT INTO TEAM VALUES ('T9','Racing Bull','Italian');
INSERT INTO TEAM VALUES ('T10','Haas','American');

/* --- SCORING SYSTEM (1 row) --- */
INSERT INTO SCORING_SYSTEM VALUES ('SS2024');

/* --- DRIVER (20 rows, mixed origins) --- */
INSERT INTO DRIVER VALUES (4,'Nakamura','Kenji','1997-04-12','Japanese');
INSERT INTO DRIVER VALUES (11,'Rossi','Luca','1996-08-21','Italian');
INSERT INTO DRIVER VALUES (16,'Schneider','Maximilian','1995-01-10','German');
INSERT INTO DRIVER VALUES (22,'Martinez','Carlos','1998-03-03','Spanish');
INSERT INTO DRIVER VALUES (27,'Dubois','Antoine','1999-07-19','French');
INSERT INTO DRIVER VALUES (31,'Silva','Joao','1996-11-02','Brazilian');
INSERT INTO DRIVER VALUES (44,'Kowalski','Piotr','1994-06-25','Polish');
INSERT INTO DRIVER VALUES (55,'Smith','Oliver','2000-09-14','British');
INSERT INTO DRIVER VALUES (63,'Novak','Milan','1997-02-18','Czech');
INSERT INTO DRIVER VALUES (77,'Hansen','Lars','1995-12-30','Danish');
INSERT INTO DRIVER VALUES (81,'Petrov','Ivan','1993-05-09','Russian');
INSERT INTO DRIVER VALUES (88,'Garcia','Diego','1998-10-22','Mexican');
INSERT INTO DRIVER VALUES (95,'Kim','Minjun','1999-04-05','South Korean');
INSERT INTO DRIVER VALUES (12,'Johnson','Ethan','1996-01-28','American');
INSERT INTO DRIVER VALUES (18,'Almeida','Rafael','1997-03-17','Portuguese');
INSERT INTO DRIVER VALUES (23,'O''Connor','Sean','1994-07-07','Irish');
INSERT INTO DRIVER VALUES (30,'Bianchi','Marco','1995-09-11','Italian');
INSERT INTO DRIVER VALUES (36,'Rahman','Ayaan','1998-12-01','Emirati');
INSERT INTO DRIVER VALUES (47,'Ionescu','Andrei','1996-06-16','Romanian');
INSERT INTO DRIVER VALUES (99,'Sato','Haruki','2000-02-02','Japanese');


/* =========================
   2) TABLES WITH FKs
   ========================= */

/* --- SCORING_RULE (10 rows) --- */
INSERT INTO SCORING_RULE VALUES ('SR1',1,25,'SS2024');
INSERT INTO SCORING_RULE VALUES ('SR2',2,18,'SS2024');
INSERT INTO SCORING_RULE VALUES ('SR3',3,15,'SS2024');
INSERT INTO SCORING_RULE VALUES ('SR4',4,12,'SS2024');
INSERT INTO SCORING_RULE VALUES ('SR5',5,10,'SS2024');
INSERT INTO SCORING_RULE VALUES ('SR6',6,8,'SS2024');
INSERT INTO SCORING_RULE VALUES ('SR7',7,6,'SS2024');
INSERT INTO SCORING_RULE VALUES ('SR8',8,4,'SS2024');
INSERT INTO SCORING_RULE VALUES ('SR9',9,2,'SS2024');
INSERT INTO SCORING_RULE VALUES ('SR10',10,1,'SS2024');

/* --- SEASON (2 rows) --- */
INSERT INTO SEASON VALUES (2024,'2024-03-01','2024-12-08',NULL,'SS2024');
INSERT INTO SEASON VALUES (2025,'2025-03-02','2025-12-07',2024,'SS2024');

/* --- GRAND_PRIX (24 rows, season 2024) --- */
INSERT INTO GRAND_PRIX VALUES ('GP1','Bahrain GP','2024-03-02','Dry',57,'Bahrain International Circuit',2024);
INSERT INTO GRAND_PRIX VALUES ('GP2','Saudi GP','2024-03-09','Dry',50,'Jeddah Corniche Circuit',2024);
INSERT INTO GRAND_PRIX VALUES ('GP3','Australian GP','2024-03-24','Wet',58,'Albert Park Circuit',2024);
INSERT INTO GRAND_PRIX VALUES ('GP4','Japanese GP','2024-04-07','Dry',53,'Suzuka Circuit',2024);
INSERT INTO GRAND_PRIX VALUES ('GP5','Chinese GP','2024-04-21','Dry',56,'Shanghai International Circuit',2024);
INSERT INTO GRAND_PRIX VALUES ('GP6','Miami GP','2024-05-05','Dry',57,'Miami International Autodrome',2024);
INSERT INTO GRAND_PRIX VALUES ('GP7','Emilia Romagna GP','2024-05-19','Wet',63,'Imola Circuit',2024);
INSERT INTO GRAND_PRIX VALUES ('GP8','Monaco GP','2024-05-26','Dry',78,'Monaco Circuit',2024);
INSERT INTO GRAND_PRIX VALUES ('GP9','Canadian GP','2024-06-09','Dry',70,'Circuit Gilles Villeneuve',2024);
INSERT INTO GRAND_PRIX VALUES ('GP10','Spanish GP','2024-06-23','Dry',66,'Circuit de Barcelona-Catalunya',2024);
INSERT INTO GRAND_PRIX VALUES ('GP11','Austrian GP','2024-06-30','Dry',71,'Red Bull Ring',2024);
INSERT INTO GRAND_PRIX VALUES ('GP12','British GP','2024-07-07','Wet',52,'Silverstone Circuit',2024);
INSERT INTO GRAND_PRIX VALUES ('GP13','Hungarian GP','2024-07-21','Dry',70,'Hungaroring',2024);
INSERT INTO GRAND_PRIX VALUES ('GP14','Belgian GP','2024-07-28','Dry',44,'Spa-Francorchamps',2024);
INSERT INTO GRAND_PRIX VALUES ('GP15','Dutch GP','2024-08-25','Dry',72,'Zandvoort Circuit',2024);
INSERT INTO GRAND_PRIX VALUES ('GP16','Italian GP','2024-09-01','Dry',53,'Monza Circuit',2024);
INSERT INTO GRAND_PRIX VALUES ('GP17','Singapore GP','2024-09-22','Wet',62,'Marina Bay Circuit',2024);
INSERT INTO GRAND_PRIX VALUES ('GP18','Qatar GP','2024-10-06','Dry',57,'Losail Circuit',2024);
INSERT INTO GRAND_PRIX VALUES ('GP19','USA GP','2024-10-20','Dry',56,'COTA',2024);
INSERT INTO GRAND_PRIX VALUES ('GP20','Mexico GP','2024-10-27','Dry',71,'Autodromo Hermanos Rodriguez',2024);
INSERT INTO GRAND_PRIX VALUES ('GP21','Brazil GP','2024-11-03','Wet',71,'Interlagos Circuit',2024);
INSERT INTO GRAND_PRIX VALUES ('GP22','Las Vegas GP','2024-11-23','Dry',50,'Las Vegas Street Circuit',2024);
INSERT INTO GRAND_PRIX VALUES ('GP23','Abu Dhabi GP','2024-12-01','Dry',58,'Yas Marina Circuit',2024);
INSERT INTO GRAND_PRIX VALUES ('GP24','Japan West GP','2024-04-14','Dry',55,'Suzuka West',2024);

/* --- CONTRACT (20 drivers, season 2024) --- */
INSERT INTO contract VALUES (2024,'T1',4);
INSERT INTO contract VALUES (2024,'T1',11);

INSERT INTO contract VALUES (2024,'T2',16);
INSERT INTO contract VALUES (2024,'T2',22);

INSERT INTO contract VALUES (2024,'T3',27);
INSERT INTO contract VALUES (2024,'T3',31);

INSERT INTO contract VALUES (2024,'T4',44);
INSERT INTO contract VALUES (2024,'T4',55);

INSERT INTO contract VALUES (2024,'T5',63);
INSERT INTO contract VALUES (2024,'T5',77);

INSERT INTO contract VALUES (2024,'T6',81);
INSERT INTO contract VALUES (2024,'T6',88);

INSERT INTO contract VALUES (2024,'T7',95);
INSERT INTO contract VALUES (2024,'T7',12);

INSERT INTO contract VALUES (2024,'T8',18);
INSERT INTO contract VALUES (2024,'T8',23);

INSERT INTO contract VALUES (2024,'T9',30);
INSERT INTO contract VALUES (2024,'T9',36);

INSERT INTO contract VALUES (2024,'T10',47);
INSERT INTO contract VALUES (2024,'T10',99);

/* --- DRIVER_SEASON_STANDING (20) --- */
INSERT INTO DRIVER_SEASON_STANDING VALUES ('DSS8',312,2024,44);
INSERT INTO DRIVER_SEASON_STANDING VALUES ('DSS3',297,2024,16);
INSERT INTO DRIVER_SEASON_STANDING VALUES ('DSS17',241,2024,11);
INSERT INTO DRIVER_SEASON_STANDING VALUES ('DSS1',228,2024,4);
INSERT INTO DRIVER_SEASON_STANDING VALUES ('DSS14',198,2024,22);
INSERT INTO DRIVER_SEASON_STANDING VALUES ('DSS6',176,2024,27);
INSERT INTO DRIVER_SEASON_STANDING VALUES ('DSS20',165,2024,55);
INSERT INTO DRIVER_SEASON_STANDING VALUES ('DSS4',149,2024,31);
INSERT INTO DRIVER_SEASON_STANDING VALUES ('DSS11',132,2024,63);
INSERT INTO DRIVER_SEASON_STANDING VALUES ('DSS2',118,2024,77);
INSERT INTO DRIVER_SEASON_STANDING VALUES ('DSS19',104,2024,81);
INSERT INTO DRIVER_SEASON_STANDING VALUES ('DSS7',92,2024,88);
INSERT INTO DRIVER_SEASON_STANDING VALUES ('DSS10',75,2024,12);
INSERT INTO DRIVER_SEASON_STANDING VALUES ('DSS5',63,2024,95);
INSERT INTO DRIVER_SEASON_STANDING VALUES ('DSS15',48,2024,18);
INSERT INTO DRIVER_SEASON_STANDING VALUES ('DSS9',36,2024,23);
INSERT INTO DRIVER_SEASON_STANDING VALUES ('DSS18',25,2024,30);
INSERT INTO DRIVER_SEASON_STANDING VALUES ('DSS12',17,2024,36);
INSERT INTO DRIVER_SEASON_STANDING VALUES ('DSS16',9,2024,47);
INSERT INTO DRIVER_SEASON_STANDING VALUES ('DSS13',3,2024,99);

/* --- TEAM_SEASON_STANDING (10) --- */
INSERT INTO TEAM_SEASON_STANDING VALUES ('TSS4',469,2024,'T4');   -- 44 + 55
INSERT INTO TEAM_SEASON_STANDING VALUES ('TSS2',495,2024,'T2');   -- 16 + 22
INSERT INTO TEAM_SEASON_STANDING VALUES ('TSS1',469,2024,'T1');   -- 4 + 11
INSERT INTO TEAM_SEASON_STANDING VALUES ('TSS3',325,2024,'T3');   -- 27 + 31
INSERT INTO TEAM_SEASON_STANDING VALUES ('TSS5',250,2024,'T5');   -- 63 + 77
INSERT INTO TEAM_SEASON_STANDING VALUES ('TSS6',196,2024,'T6');   -- 81 + 88
INSERT INTO TEAM_SEASON_STANDING VALUES ('TSS7',138,2024,'T7');   -- 95 + 12
INSERT INTO TEAM_SEASON_STANDING VALUES ('TSS8',84,2024,'T8');    -- 18 + 23
INSERT INTO TEAM_SEASON_STANDING VALUES ('TSS9',42,2024,'T9');    -- 30 + 36
INSERT INTO TEAM_SEASON_STANDING VALUES ('TSS10',12,2024,'T10');  -- 47 + 99CircuitNameCircuitNameCircuitNameCircuitNameCircuitName


/* --- RACE_RESULT --- */

-- GP1
INSERT INTO RACE_RESULT VALUES ('RR1',1,2,'00:01:32.456',1,'classified',44,'GP1');
INSERT INTO RACE_RESULT VALUES ('RR2',2,1,'00:01:33.111',0,'classified',16,'GP1');
INSERT INTO RACE_RESULT VALUES ('RR3',3,4,'00:01:33.900',0,'classified',11,'GP1');
INSERT INTO RACE_RESULT VALUES ('RR4',4,3,'00:01:34.120',0,'classified',4,'GP1');
INSERT INTO RACE_RESULT VALUES ('RR5',5,6,'00:01:34.550',0,'classified',22,'GP1');
INSERT INTO RACE_RESULT VALUES ('RR6',6,7,'00:01:35.200',0,'classified',27,'GP1');
INSERT INTO RACE_RESULT VALUES ('RR7',7,8,'00:01:35.300',0,'classified',55,'GP1');
INSERT INTO RACE_RESULT VALUES ('RR8',8,9,'00:01:35.450',0,'classified',31,'GP1');
INSERT INTO RACE_RESULT VALUES ('RR9',9,10,'00:01:35.900',0,'classified',63,'GP1');
INSERT INTO RACE_RESULT VALUES ('RR10',10,11,'00:01:36.100',0,'classified',77,'GP1');
INSERT INTO RACE_RESULT VALUES ('RR11',11,12,NULL,0,'classified',81,'GP1');
INSERT INTO RACE_RESULT VALUES ('RR12',12,13,NULL,0,'classified',88,'GP1');
INSERT INTO RACE_RESULT VALUES ('RR13',13,14,NULL,0,'classified',95,'GP1');
INSERT INTO RACE_RESULT VALUES ('RR14',14,15,NULL,0,'classified',12,'GP1');
INSERT INTO RACE_RESULT VALUES ('RR15',15,16,NULL,0,'classified',18,'GP1');
INSERT INTO RACE_RESULT VALUES ('RR16',16,17,NULL,0,'classified',23,'GP1');
INSERT INTO RACE_RESULT VALUES ('RR17',17,18,NULL,0,'DNF',30,'GP1');
INSERT INTO RACE_RESULT VALUES ('RR18',18,19,NULL,0,'DNF',36,'GP1');
INSERT INTO RACE_RESULT VALUES ('RR19',19,20,NULL,0,'classified',47,'GP1');
INSERT INTO RACE_RESULT VALUES ('RR20',20,5,NULL,0,'DSQ',99,'GP1');

-- GP2
INSERT INTO RACE_RESULT VALUES ('RR21',1,3,'00:01:31.789',1,'classified',44,'GP2');
INSERT INTO RACE_RESULT VALUES ('RR22',2,2,'00:01:32.456',0,'classified',16,'GP2');
INSERT INTO RACE_RESULT VALUES ('RR23',3,1,'00:01:33.210',0,'classified',11,'GP2');
INSERT INTO RACE_RESULT VALUES ('RR24',4,4,'00:01:34.000',0,'classified',4,'GP2');
INSERT INTO RACE_RESULT VALUES ('RR25',5,6,'00:01:34.350',0,'classified',22,'GP2');
INSERT INTO RACE_RESULT VALUES ('RR26',6,5,'00:01:35.100',0,'classified',27,'GP2');
INSERT INTO RACE_RESULT VALUES ('RR27',7,7,'00:01:35.400',0,'classified',55,'GP2');
INSERT INTO RACE_RESULT VALUES ('RR28',8,8,'00:01:35.600',0,'classified',31,'GP2');
INSERT INTO RACE_RESULT VALUES ('RR29',9,9,'00:01:35.900',0,'classified',63,'GP2');
INSERT INTO RACE_RESULT VALUES ('RR30',10,10,'00:01:36.000',0,'classified',77,'GP2');
INSERT INTO RACE_RESULT VALUES ('RR31',11,11,NULL,0,'classified',81,'GP2');
INSERT INTO RACE_RESULT VALUES ('RR32',12,12,NULL,0,'classified',88,'GP2');
INSERT INTO RACE_RESULT VALUES ('RR33',13,13,NULL,0,'classified',95,'GP2');
INSERT INTO RACE_RESULT VALUES ('RR34',14,14,NULL,0,'classified',12,'GP2');
INSERT INTO RACE_RESULT VALUES ('RR35',15,15,NULL,0,'classified',18,'GP2');
INSERT INTO RACE_RESULT VALUES ('RR36',16,16,NULL,0,'classified',23,'GP2');
INSERT INTO RACE_RESULT VALUES ('RR37',17,17,NULL,0,'DNF',30,'GP2');
INSERT INTO RACE_RESULT VALUES ('RR38',18,18,NULL,0,'DNF',36,'GP2');
INSERT INTO RACE_RESULT VALUES ('RR39',19,19,NULL,0,'classified',47,'GP2');
INSERT INTO RACE_RESULT VALUES ('RR40',20,20,NULL,0,'DSQ',99,'GP2');

-- GP3
INSERT INTO RACE_RESULT VALUES ('RR41',1,2,'00:01:33.123',1,'classified',44,'GP3');
INSERT INTO RACE_RESULT VALUES ('RR42',2,1,'00:01:33.789',0,'classified',16,'GP3');
INSERT INTO RACE_RESULT VALUES ('RR43',3,3,'00:01:34.000',0,'classified',11,'GP3');
INSERT INTO RACE_RESULT VALUES ('RR44',4,4,'00:01:34.300',0,'classified',4,'GP3');
INSERT INTO RACE_RESULT VALUES ('RR45',5,5,'00:01:34.700',0,'classified',22,'GP3');
INSERT INTO RACE_RESULT VALUES ('RR46',6,6,'00:01:35.100',0,'classified',27,'GP3');
INSERT INTO RACE_RESULT VALUES ('RR47',7,7,'00:01:35.500',0,'classified',55,'GP3');
INSERT INTO RACE_RESULT VALUES ('RR48',8,8,'00:01:35.700',0,'classified',31,'GP3');
INSERT INTO RACE_RESULT VALUES ('RR49',9,9,'00:01:36.000',0,'classified',63,'GP3');
INSERT INTO RACE_RESULT VALUES ('RR50',10,10,'00:01:36.200',0,'classified',77,'GP3');
INSERT INTO RACE_RESULT VALUES ('RR51',11,11,NULL,0,'classified',81,'GP3');
INSERT INTO RACE_RESULT VALUES ('RR52',12,12,NULL,0,'classified',88,'GP3');
INSERT INTO RACE_RESULT VALUES ('RR53',13,13,NULL,0,'classified',95,'GP3');
INSERT INTO RACE_RESULT VALUES ('RR54',14,14,NULL,0,'classified',12,'GP3');
INSERT INTO RACE_RESULT VALUES ('RR55',15,15,NULL,0,'classified',18,'GP3');
INSERT INTO RACE_RESULT VALUES ('RR56',16,16,NULL,0,'classified',23,'GP3');
INSERT INTO RACE_RESULT VALUES ('RR57',17,17,NULL,0,'DNF',30,'GP3');
INSERT INTO RACE_RESULT VALUES ('RR58',18,18,NULL,0,'DNF',36,'GP3');
INSERT INTO RACE_RESULT VALUES ('RR59',19,19,NULL,0,'classified',47,'GP3');
INSERT INTO RACE_RESULT VALUES ('RR60',20,20,NULL,0,'DSQ',99,'GP3');

-- GP4
INSERT INTO RACE_RESULT VALUES ('RR61',1,2,'00:01:32.789',1,'classified',44,'GP4');
INSERT INTO RACE_RESULT VALUES ('RR62',2,1,'00:01:33.100',0,'classified',16,'GP4');
INSERT INTO RACE_RESULT VALUES ('RR63',3,3,'00:01:33.400',0,'classified',11,'GP4');
INSERT INTO RACE_RESULT VALUES ('RR64',4,4,'00:01:33.900',0,'classified',4,'GP4');
INSERT INTO RACE_RESULT VALUES ('RR65',5,5,'00:01:34.200',0,'classified',22,'GP4');
INSERT INTO RACE_RESULT VALUES ('RR66',6,6,'00:01:34.700',0,'classified',27,'GP4');
INSERT INTO RACE_RESULT VALUES ('RR67',7,7,'00:01:35.000',0,'classified',55,'GP4');
INSERT INTO RACE_RESULT VALUES ('RR68',8,8,'00:01:35.300',0,'classified',31,'GP4');
INSERT INTO RACE_RESULT VALUES ('RR69',9,9,'00:01:35.600',0,'classified',63,'GP4');
INSERT INTO RACE_RESULT VALUES ('RR70',10,10,'00:01:36.000',0,'classified',77,'GP4');
INSERT INTO RACE_RESULT VALUES ('RR71',11,11,NULL,0,'classified',81,'GP4');
INSERT INTO RACE_RESULT VALUES ('RR72',12,12,NULL,0,'classified',88,'GP4');
INSERT INTO RACE_RESULT VALUES ('RR73',13,13,NULL,0,'classified',95,'GP4');
INSERT INTO RACE_RESULT VALUES ('RR74',14,14,NULL,0,'classified',12,'GP4');
INSERT INTO RACE_RESULT VALUES ('RR75',15,15,NULL,0,'classified',18,'GP4');
INSERT INTO RACE_RESULT VALUES ('RR76',16,16,NULL,0,'classified',23,'GP4');
INSERT INTO RACE_RESULT VALUES ('RR77',17,17,NULL,0,'DNF',30,'GP4');
INSERT INTO RACE_RESULT VALUES ('RR78',18,18,NULL,0,'DNF',36,'GP4');
INSERT INTO RACE_RESULT VALUES ('RR79',19,19,NULL,0,'classified',47,'GP4');
INSERT INTO RACE_RESULT VALUES ('RR80',20,20,NULL,0,'DSQ',99,'GP4');

-- GP5
INSERT INTO RACE_RESULT VALUES ('RR81',1,2,'00:01:33.200',1,'classified',44,'GP5');
INSERT INTO RACE_RESULT VALUES ('RR82',2,1,'00:01:33.700',0,'classified',16,'GP5');
INSERT INTO RACE_RESULT VALUES ('RR83',3,3,'00:01:34.000',0,'classified',11,'GP5');
INSERT INTO RACE_RESULT VALUES ('RR84',4,4,'00:01:34.300',0,'classified',4,'GP5');
INSERT INTO RACE_RESULT VALUES ('RR85',5,5,'00:01:34.700',0,'classified',22,'GP5');
INSERT INTO RACE_RESULT VALUES ('RR86',6,6,'00:01:35.100',0,'classified',27,'GP5');
INSERT INTO RACE_RESULT VALUES ('RR87',7,7,'00:01:35.500',0,'classified',55,'GP5');
INSERT INTO RACE_RESULT VALUES ('RR88',8,8,'00:01:35.700',0,'classified',31,'GP5');
INSERT INTO RACE_RESULT VALUES ('RR89',9,9,'00:01:36.000',0,'classified',63,'GP5');
INSERT INTO RACE_RESULT VALUES ('RR90',10,10,'00:01:36.200',0,'classified',77,'GP5');
INSERT INTO RACE_RESULT VALUES ('RR91',11,11,NULL,0,'classified',81,'GP5');
INSERT INTO RACE_RESULT VALUES ('RR92',12,12,NULL,0,'classified',88,'GP5');
INSERT INTO RACE_RESULT VALUES ('RR93',13,13,NULL,0,'classified',95,'GP5');
INSERT INTO RACE_RESULT VALUES ('RR94',14,14,NULL,0,'classified',12,'GP5');
INSERT INTO RACE_RESULT VALUES ('RR95',15,15,NULL,0,'classified',18,'GP5');
INSERT INTO RACE_RESULT VALUES ('RR96',16,16,NULL,0,'classified',23,'GP5');
INSERT INTO RACE_RESULT VALUES ('RR97',17,17,NULL,0,'DNF',30,'GP5');
INSERT INTO RACE_RESULT VALUES ('RR98',18,18,NULL,0,'DNF',36,'GP5');
INSERT INTO RACE_RESULT VALUES ('RR99',19,19,NULL,0,'classified',47,'GP5');
INSERT INTO RACE_RESULT VALUES ('RR100',20,20,NULL,0,'DSQ',99,'GP5');


/* --- PENALTIES (25 minimum) --- */

INSERT INTO PENALTY VALUES ('P1','Time penalty','00:00:05','RR1');
INSERT INTO PENALTY VALUES ('P2','Grid penalty',NULL,'RR2');
INSERT INTO PENALTY VALUES ('P3','Time penalty','00:00:03','RR3');
INSERT INTO PENALTY VALUES ('P4','Drive through',NULL,'RR5');
INSERT INTO PENALTY VALUES ('P5','Time penalty','00:00:10','RR7');
INSERT INTO PENALTY VALUES ('P6','Time penalty','00:00:07','RR10');
INSERT INTO PENALTY VALUES ('P7','Grid penalty',NULL,'RR12');
INSERT INTO PENALTY VALUES ('P8','Time penalty','00:00:02','RR13');
INSERT INTO PENALTY VALUES ('P9','Time penalty','00:00:05','RR14');
INSERT INTO PENALTY VALUES ('P10','Stop & Go',NULL,'RR15');
INSERT INTO PENALTY VALUES ('P11','Time penalty','00:00:04','RR16');
INSERT INTO PENALTY VALUES ('P12','Time penalty','00:00:06','RR17');
INSERT INTO PENALTY VALUES ('P13','Time penalty','00:00:03','RR18');
INSERT INTO PENALTY VALUES ('P14','Grid penalty',NULL,'RR19');
INSERT INTO PENALTY VALUES ('P15','Time penalty','00:00:05','RR20');
INSERT INTO PENALTY VALUES ('P16','Time penalty','00:00:04','RR4');
INSERT INTO PENALTY VALUES ('P17','Time penalty','00:00:02','RR6');
INSERT INTO PENALTY VALUES ('P18','Time penalty','00:00:03','RR8');
INSERT INTO PENALTY VALUES ('P19','Time penalty','00:00:07','RR9');
INSERT INTO PENALTY VALUES ('P20','Time penalty','00:00:06','RR11');
INSERT INTO PENALTY VALUES ('P21','Time penalty','00:00:05','RR21');
INSERT INTO PENALTY VALUES ('P22','Time penalty','00:00:08','RR22');
INSERT INTO PENALTY VALUES ('P23','Time penalty','00:00:03','RR23');
INSERT INTO PENALTY VALUES ('P24','Time penalty','00:00:04','RR24');
INSERT INTO PENALTY VALUES ('P25','Time penalty','00:00:02','RR25');


/* --- SESSION (5 per GP) --- */

-- GP1
INSERT INTO SESSION VALUES ('S_GP1_FP1','FP1','2024-03-01','10:00:00','GP1');
INSERT INTO SESSION VALUES ('S_GP1_FP2','FP2','2024-03-01','14:00:00','GP1');
INSERT INTO SESSION VALUES ('S_GP1_FP3','FP3','2024-03-02','11:00:00','GP1');
INSERT INTO SESSION VALUES ('S_GP1_Q','Qualifying','2024-03-02','15:00:00','GP1');
INSERT INTO SESSION VALUES ('S_GP1_R','Race','2024-03-02','18:00:00','GP1');

-- GP2
INSERT INTO SESSION VALUES ('S_GP2_FP1','FP1','2024-03-08','10:00:00','GP2');
INSERT INTO SESSION VALUES ('S_GP2_FP2','FP2','2024-03-08','14:00:00','GP2');
INSERT INTO SESSION VALUES ('S_GP2_FP3','FP3','2024-03-09','11:00:00','GP2');
INSERT INTO SESSION VALUES ('S_GP2_Q','Qualifying','2024-03-09','15:00:00','GP2');
INSERT INTO SESSION VALUES ('S_GP2_R','Race','2024-03-09','18:00:00','GP2');

-- GP3
INSERT INTO SESSION VALUES ('S_GP3_FP1','FP1','2024-03-23','10:00:00','GP3');
INSERT INTO SESSION VALUES ('S_GP3_FP2','FP2','2024-03-23','14:00:00','GP3');
INSERT INTO SESSION VALUES ('S_GP3_FP3','FP3','2024-03-24','11:00:00','GP3');
INSERT INTO SESSION VALUES ('S_GP3_Q','Qualifying','2024-03-24','15:00:00','GP3');
INSERT INTO SESSION VALUES ('S_GP3_R','Race','2024-03-24','18:00:00','GP3');

-- GP4
INSERT INTO SESSION VALUES ('S_GP4_FP1','FP1','2024-04-06','10:00:00','GP4');
INSERT INTO SESSION VALUES ('S_GP4_FP2','FP2','2024-04-06','14:00:00','GP4');
INSERT INTO SESSION VALUES ('S_GP4_FP3','FP3','2024-04-07','11:00:00','GP4');
INSERT INTO SESSION VALUES ('S_GP4_Q','Qualifying','2024-04-07','15:00:00','GP4');
INSERT INTO SESSION VALUES ('S_GP4_R','Race','2024-04-07','18:00:00','GP4');

-- GP5
INSERT INTO SESSION VALUES ('S_GP5_FP1','FP1','2024-04-20','10:00:00','GP5');
INSERT INTO SESSION VALUES ('S_GP5_FP2','FP2','2024-04-20','14:00:00','GP5');
INSERT INTO SESSION VALUES ('S_GP5_FP3','FP3','2024-04-21','11:00:00','GP5');
INSERT INTO SESSION VALUES ('S_GP5_Q','Qualifying','2024-04-21','15:00:00','GP5');
INSERT INTO SESSION VALUES ('S_GP5_R','Race','2024-04-21','18:00:00','GP5');
